record_id,submitted_at,source_department,message_text,extracted_action,extracted_assignee,extracted_deadline,extracted_priority,action_required
H001,2026-09-16 08:10,製造,田中さん、部品Aの在庫を本日15時までに確認してください,部品Aの在庫を確認する,田中,2026-09-16 15:00,中,true
H002,2026-09-16 08:30,事務,請求書の金額に違いがあります。明日の午前中までに取引先へ確認してください,取引先へ請求金額を確認する,,2026-09-17 12:00,中,true
H003,2026-09-16 09:00,介護,山本さんの受診時間が14時に変更になりました。共有のみです,,,,低,false
H004,2026-09-16 09:20,物流,冷蔵便がまだ届いていません。佐藤さんが配送会社へ至急連絡,配送会社へ連絡する,佐藤,,高,true
H005,2026-09-16 10:00,総務,会議室の照明が切れています。交換をお願いします,照明を交換する,,,低,true
H006,2026-09-16 10:15,製造,鈴木さんが設備3号機の異音を11時までに確認する,設備3号機の異音を確認する,鈴木,2026-09-16 11:00,高,true
H007,2026-09-16 09:59,訪問支援,予備電源8の燃料残量が少なくなっています。補充の手配をお願いします,予備電源8の燃料補充を手配する,,,高,true
H008,2026-09-16 10:16,調達,山本さんが生活用品便1の受け入れ場所を09月18日17時までに準備してください,生活用品便1の受け入れ場所を準備する,山本,2026-09-18 17:00,中,true
H009,2026-09-16 10:33,給食,加藤さん、連絡網2の更新内容を09月16日17時までに確認してください,連絡網2の更新内容を確認する,加藤,2026-09-16 17:00,低,true
H010,2026-09-16 10:50,送迎,田中さん、備品3の残数を09月17日17時までに確認してください,備品3の残数を確認する,田中,2026-09-17 17:00,中,true
H011,2026-09-16 11:07,製造,発注番号1011の数量に相違があります。09月18日までに仕入先へ確認してください,仕入先へ発注数量を確認する,,2026-09-18 17:00,中,true
H012,2026-09-16 11:24,事務,明日の定例連絡は12時開始へ変更になりました。共有のみです,,,,低,false
H013,2026-09-16 11:41,介護,予定していた配送便6が到着していません。山田さんが運送会社へ至急連絡してください,配送便6について運送会社へ連絡する,山田,,高,true
H014,2026-09-16 11:58,物流,共用スペース7の照明が点滅しています。交換をお願いします,共用スペース7の照明を交換する,,,低,true
H015,2026-09-16 12:15,総務,中村さんが設備8号機の異音を09月16日17時までに確認する,設備8号機の異音を確認する,中村,2026-09-16 17:00,高,true
H016,2026-09-16 12:32,設備,吉田さん、例の件を09月17日17時までにお願いします,,吉田,2026-09-17 17:00,中,true
H017,2026-09-16 12:49,訪問支援,予備電源2の燃料残量が少なくなっています。補充の手配をお願いします,予備電源2の燃料補充を手配する,,,高,true
H018,2026-09-16 13:06,調達,山本さんが生活用品便3の受け入れ場所を09月16日17時までに準備してください,生活用品便3の受け入れ場所を準備する,山本,2026-09-16 17:00,中,true
H019,2026-09-16 13:23,給食,加藤さん、連絡網4の更新内容を09月17日17時までに確認してください,連絡網4の更新内容を確認する,加藤,2026-09-17 17:00,低,true
H020,2026-09-16 13:40,送迎,田中さん、備品5の残数を09月18日17時までに確認してください,備品5の残数を確認する,田中,2026-09-18 17:00,中,true
H021,2026-09-17 13:57,製造,発注番号1021の数量に相違があります。09月17日までに仕入先へ確認してください,仕入先へ発注数量を確認する,,2026-09-17 17:00,中,true
H022,2026-09-17 14:14,事務,明日の定例連絡は12時開始へ変更になりました。共有のみです,,,,低,false
H023,2026-09-17 14:31,介護,予定していた配送便8が到着していません。山田さんが運送会社へ至急連絡してください,配送便8について運送会社へ連絡する,山田,,高,true
H024,2026-09-17 14:48,物流,共用スペース1の照明が点滅しています。交換をお願いします,共用スペース1の照明を交換する,,,低,true
H025,2026-09-17 15:05,総務,中村さんが設備2号機の異音を09月18日17時までに確認する,設備2号機の異音を確認する,中村,2026-09-18 17:00,高,true
H026,2026-09-17 15:22,設備,吉田さん、例の件を09月19日17時までにお願いします,,吉田,2026-09-19 17:00,中,true
H027,2026-09-17 15:39,訪問支援,予備電源4の燃料残量が少なくなっています。補充の手配をお願いします,予備電源4の燃料補充を手配する,,,高,true
H028,2026-09-17 15:56,調達,山本さんが生活用品便5の受け入れ場所を09月18日17時までに準備してください,生活用品便5の受け入れ場所を準備する,山本,2026-09-18 17:00,中,true
H029,2026-09-17 16:13,給食,加藤さん、連絡網6の更新内容を09月19日17時までに確認してください,連絡網6の更新内容を確認する,加藤,2026-09-19 17:00,低,true
H030,2026-09-17 16:30,送迎,田中さん、備品7の残数を09月17日17時までに確認してください,備品7の残数を確認する,田中,2026-09-17 17:00,中,true
H031,2026-09-17 16:47,製造,発注番号1031の数量に相違があります。09月18日までに仕入先へ確認してください,仕入先へ発注数量を確認する,,2026-09-18 17:00,中,true
H032,2026-09-17 17:04,事務,明日の定例連絡は12時開始へ変更になりました。共有のみです,,,,低,false
H033,2026-09-17 17:21,介護,予定していた配送便2が到着していません。山田さんが運送会社へ至急連絡してください,配送便2について運送会社へ連絡する,山田,,高,true
H034,2026-09-17 17:38,物流,共用スペース3の照明が点滅しています。交換をお願いします,共用スペース3の照明を交換する,,,低,true
H035,2026-09-17 17:55,総務,中村さんが設備4号機の異音を09月19日17時までに確認する,設備4号機の異音を確認する,中村,2026-09-19 17:00,高,true
H036,2026-09-17 08:12,設備,吉田さん、例の件を09月17日17時までにお願いします,,吉田,2026-09-17 17:00,中,true
H037,2026-09-17 08:29,訪問支援,予備電源6の燃料残量が少なくなっています。補充の手配をお願いします,予備電源6の燃料補充を手配する,,,高,true
H038,2026-09-17 08:46,調達,山本さんが生活用品便7の受け入れ場所を09月19日17時までに準備してください,生活用品便7の受け入れ場所を準備する,山本,2026-09-19 17:00,中,true
H039,2026-09-17 09:03,給食,加藤さん、連絡網8の更新内容を09月17日17時までに確認してください,連絡網8の更新内容を確認する,加藤,2026-09-17 17:00,低,true
H040,2026-09-17 09:20,送迎,田中さん、備品1の残数を09月18日17時までに確認してください,備品1の残数を確認する,田中,2026-09-18 17:00,中,true
H041,2026-09-18 09:37,製造,発注番号1041の数量に相違があります。09月20日までに仕入先へ確認してください,仕入先へ発注数量を確認する,,2026-09-20 17:00,中,true
H042,2026-09-18 09:54,事務,明日の定例連絡は12時開始へ変更になりました。共有のみです,,,,低,false
H043,2026-09-18 10:11,介護,予定していた配送便4が到着していません。山田さんが運送会社へ至急連絡してください,配送便4について運送会社へ連絡する,山田,,高,true
H044,2026-09-18 10:28,物流,共用スペース5の照明が点滅しています。交換をお願いします,共用スペース5の照明を交換する,,,低,true
H045,2026-09-18 10:45,総務,中村さんが設備6号機の異音を09月18日17時までに確認する,設備6号機の異音を確認する,中村,2026-09-18 17:00,高,true
H046,2026-09-18 11:02,設備,吉田さん、例の件を09月19日17時までにお願いします,,吉田,2026-09-19 17:00,中,true
H047,2026-09-18 11:19,訪問支援,予備電源8の燃料残量が少なくなっています。補充の手配をお願いします,予備電源8の燃料補充を手配する,,,高,true
H048,2026-09-18 11:36,調達,山本さんが生活用品便1の受け入れ場所を09月18日17時までに準備してください,生活用品便1の受け入れ場所を準備する,山本,2026-09-18 17:00,中,true
H049,2026-09-18 11:53,給食,加藤さん、連絡網2の更新内容を09月19日17時までに確認してください,連絡網2の更新内容を確認する,加藤,2026-09-19 17:00,低,true
H050,2026-09-18 12:10,送迎,田中さん、備品3の残数を09月20日17時までに確認してください,備品3の残数を確認する,田中,2026-09-20 17:00,中,true
H051,2026-09-18 12:27,製造,発注番号1051の数量に相違があります。09月18日までに仕入先へ確認してください,仕入先へ発注数量を確認する,,2026-09-18 17:00,中,true
H052,2026-09-18 12:44,事務,明日の定例連絡は12時開始へ変更になりました。共有のみです,,,,低,false
H053,2026-09-18 13:01,介護,予定していた配送便6が到着していません。山田さんが運送会社へ至急連絡してください,配送便6について運送会社へ連絡する,山田,,高,true
H054,2026-09-18 13:18,物流,共用スペース7の照明が点滅しています。交換をお願いします,共用スペース7の照明を交換する,,,低,true
H055,2026-09-18 13:35,総務,中村さんが設備8号機の異音を09月19日17時までに確認する,設備8号機の異音を確認する,中村,2026-09-19 17:00,高,true
H056,2026-09-18 13:52,設備,吉田さん、例の件を09月20日17時までにお願いします,,吉田,2026-09-20 17:00,中,true
H057,2026-09-18 14:09,訪問支援,予備電源2の燃料残量が少なくなっています。補充の手配をお願いします,予備電源2の燃料補充を手配する,,,高,true
H058,2026-09-18 14:26,調達,山本さんが生活用品便3の受け入れ場所を09月19日17時までに準備してください,生活用品便3の受け入れ場所を準備する,山本,2026-09-19 17:00,中,true
H059,2026-09-18 14:43,給食,加藤さん、連絡網4の更新内容を09月20日17時までに確認してください,連絡網4の更新内容を確認する,加藤,2026-09-20 17:00,低,true
H060,2026-09-18 15:00,送迎,田中さん、備品5の残数を09月18日17時までに確認してください,備品5の残数を確認する,田中,2026-09-18 17:00,中,true
H061,2026-09-19 15:17,製造,発注番号1061の数量に相違があります。09月20日までに仕入先へ確認してください,仕入先へ発注数量を確認する,,2026-09-20 17:00,中,true
H062,2026-09-19 15:34,事務,明日の定例連絡は12時開始へ変更になりました。共有のみです,,,,低,false
H063,2026-09-19 15:51,介護,予定していた配送便8が到着していません。山田さんが運送会社へ至急連絡してください,配送便8について運送会社へ連絡する,山田,,高,true
H064,2026-09-19 16:08,物流,共用スペース1の照明が点滅しています。交換をお願いします,共用スペース1の照明を交換する,,,低,true
H065,2026-09-19 16:25,総務,中村さんが設備2号機の異音を09月21日17時までに確認する,設備2号機の異音を確認する,中村,2026-09-21 17:00,高,true
H066,2026-09-19 16:42,設備,吉田さん、例の件を09月19日17時までにお願いします,,吉田,2026-09-19 17:00,中,true
H067,2026-09-19 16:59,訪問支援,予備電源4の燃料残量が少なくなっています。補充の手配をお願いします,予備電源4の燃料補充を手配する,,,高,true
H068,2026-09-19 17:16,調達,山本さんが生活用品便5の受け入れ場所を09月21日17時までに準備してください,生活用品便5の受け入れ場所を準備する,山本,2026-09-21 17:00,中,true
H069,2026-09-19 17:33,給食,加藤さん、連絡網6の更新内容を09月19日17時までに確認してください,連絡網6の更新内容を確認する,加藤,2026-09-19 17:00,低,true
H070,2026-09-19 17:50,送迎,田中さん、備品7の残数を09月20日17時までに確認してください,備品7の残数を確認する,田中,2026-09-20 17:00,中,true
H071,2026-09-19 08:07,製造,発注番号1071の数量に相違があります。09月21日までに仕入先へ確認してください,仕入先へ発注数量を確認する,,2026-09-21 17:00,中,true
H072,2026-09-19 08:24,事務,明日の定例連絡は12時開始へ変更になりました。共有のみです,,,,低,false
H073,2026-09-19 08:41,介護,予定していた配送便2が到着していません。山田さんが運送会社へ至急連絡してください,配送便2について運送会社へ連絡する,山田,,高,true
H074,2026-09-19 08:58,物流,共用スペース3の照明が点滅しています。交換をお願いします,共用スペース3の照明を交換する,,,低,true
H075,2026-09-19 09:15,総務,中村さんが設備4号機の異音を09月19日17時までに確認する,設備4号機の異音を確認する,中村,2026-09-19 17:00,高,true
H076,2026-09-19 09:32,設備,吉田さん、例の件を09月20日17時までにお願いします,,吉田,2026-09-20 17:00,中,true
H077,2026-09-19 09:49,訪問支援,予備電源6の燃料残量が少なくなっています。補充の手配をお願いします,予備電源6の燃料補充を手配する,,,高,true
H078,2026-09-19 10:06,調達,山本さんが生活用品便7の受け入れ場所を09月19日17時までに準備してください,生活用品便7の受け入れ場所を準備する,山本,2026-09-19 17:00,中,true
H079,2026-09-19 10:23,給食,加藤さん、連絡網8の更新内容を09月20日17時までに確認してください,連絡網8の更新内容を確認する,加藤,2026-09-20 17:00,低,true
H080,2026-09-19 10:40,送迎,田中さん、備品1の残数を09月21日17時までに確認してください,備品1の残数を確認する,田中,2026-09-21 17:00,中,true
H081,2026-09-20 10:57,製造,発注番号1081の数量に相違があります。09月20日までに仕入先へ確認してください,仕入先へ発注数量を確認する,,2026-09-20 17:00,中,true
H082,2026-09-20 11:14,事務,明日の定例連絡は12時開始へ変更になりました。共有のみです,,,,低,false
H083,2026-09-20 11:31,介護,予定していた配送便4が到着していません。山田さんが運送会社へ至急連絡してください,配送便4について運送会社へ連絡する,山田,,高,true
H084,2026-09-20 11:48,物流,共用スペース5の照明が点滅しています。交換をお願いします,共用スペース5の照明を交換する,,,低,true
H085,2026-09-20 12:05,総務,中村さんが設備6号機の異音を09月21日17時までに確認する,設備6号機の異音を確認する,中村,2026-09-21 17:00,高,true
H086,2026-09-20 12:22,設備,吉田さん、例の件を09月22日17時までにお願いします,,吉田,2026-09-22 17:00,中,true
H087,2026-09-20 12:39,訪問支援,予備電源8の燃料残量が少なくなっています。補充の手配をお願いします,予備電源8の燃料補充を手配する,,,高,true
H088,2026-09-20 12:56,調達,山本さんが生活用品便1の受け入れ場所を09月21日17時までに準備してください,生活用品便1の受け入れ場所を準備する,山本,2026-09-21 17:00,中,true
H089,2026-09-20 13:13,給食,加藤さん、連絡網2の更新内容を09月22日17時までに確認してください,連絡網2の更新内容を確認する,加藤,2026-09-22 17:00,低,true
H090,2026-09-20 13:30,送迎,田中さん、備品3の残数を09月20日17時までに確認してください,備品3の残数を確認する,田中,2026-09-20 17:00,中,true
H091,2026-09-20 13:47,製造,発注番号1091の数量に相違があります。09月21日までに仕入先へ確認してください,仕入先へ発注数量を確認する,,2026-09-21 17:00,中,true
H092,2026-09-20 14:04,事務,明日の定例連絡は12時開始へ変更になりました。共有のみです,,,,低,false
H093,2026-09-20 14:21,介護,予定していた配送便6が到着していません。山田さんが運送会社へ至急連絡してください,配送便6について運送会社へ連絡する,山田,,高,true
H094,2026-09-20 14:38,物流,共用スペース7の照明が点滅しています。交換をお願いします,共用スペース7の照明を交換する,,,低,true
H095,2026-09-20 14:55,総務,中村さんが設備8号機の異音を09月22日17時までに確認する,設備8号機の異音を確認する,中村,2026-09-22 17:00,高,true
H096,2026-09-20 15:12,設備,吉田さん、例の件を09月20日17時までにお願いします,,吉田,2026-09-20 17:00,中,true
H097,2026-09-20 15:29,訪問支援,予備電源2の燃料残量が少なくなっています。補充の手配をお願いします,予備電源2の燃料補充を手配する,,,高,true
H098,2026-09-20 15:46,調達,山本さんが生活用品便3の受け入れ場所を09月22日17時までに準備してください,生活用品便3の受け入れ場所を準備する,山本,2026-09-22 17:00,中,true
H099,2026-09-20 16:03,給食,加藤さん、連絡網4の更新内容を09月20日17時までに確認してください,連絡網4の更新内容を確認する,加藤,2026-09-20 17:00,低,true
H100,2026-09-20 16:20,送迎,田中さん、備品5の残数を09月21日17時までに確認してください,備品5の残数を確認する,田中,2026-09-21 17:00,中,true
