record_id,submitted_at,source_department,message_text
H001,2026-09-16 08:10,製造,田中さん、部品Aの在庫を本日15時までに確認してください
H002,2026-09-16 08:30,事務,請求書の金額に違いがあります。明日の午前中までに取引先へ確認してください
H003,2026-09-16 09:00,介護,山本さんの受診時間が14時に変更になりました。共有のみです
H004,2026-09-16 09:20,物流,冷蔵便がまだ届いていません。佐藤さんが配送会社へ至急連絡
H005,2026-09-16 10:00,総務,会議室の照明が切れています。交換をお願いします
H006,2026-09-16 10:15,製造,鈴木さんが設備3号機の異音を11時までに確認する
H007,2026-09-16 09:59,訪問支援,予備電源8の燃料残量が少なくなっています。補充の手配をお願いします
H008,2026-09-16 10:16,調達,山本さんが生活用品便1の受け入れ場所を09月18日17時までに準備してください
H009,2026-09-16 10:33,給食,加藤さん、連絡網2の更新内容を09月16日17時までに確認してください
H010,2026-09-16 10:50,送迎,田中さん、備品3の残数を09月17日17時までに確認してください
